"1","Jackie accompanied Rose"
"2","Jackie accompanied Rose to the store"
"3","The tourists admired the paintings"
"4","I admired him for his honesty"
"5","I admired the honesty in him"
"6","The children liked that the clown had a red nose"
"7","I loved writing"
"8","I loved him writing novels"
"9","I loved to write"
"10","She admitted us"
"11","She admitted us here"
"12","She allowed us near the house"
"13","Soon\, the new President will assume office"
"14","Ellen alerted Helen"
"15","Ellen warned Helen against skating on thin ice"
"16","Ellen warned Helen that the party would be tonight"
"17","Ellen warned Helen how to avoid the crowd"
"18","Ellen warned Helen\, 'Avoid that hole in the sidewalk.'"
"19","My accountant warned me of the new loopholes in the tax code"
"20","Ellen warned against skating on thin ice"
"21","Ellen warned that the party would be tonight"
"22","Ellen warned how to avoid the crowd"
"23","Ellen warned\, 'Avoid that hole in the sidewalk.'"
"24","They allow birds"
"25","They allow smoking"
"26","They allow us to be smokers"
"27","They allow our smoking"
"28","They allow that we smoke"
"29","Folk songs alternate well with pop songs"
"30","The pieces interconnect easily"
"31","Diabetics can now incorporate sugar into their desserts"
"32","A new firm will integrate their ice cream production lines"
"33","Ice cream integrates with desserts"
"34","The yolks and the whites intermingled"
"35","The merger associated company A with company B"
"36","The merger associated the two companies"
"37","Company A associated with Company B"
"38","Plays and ballets alternate"
"39","John opposed the two ideas"
"40","John introduced Mary to me"
"41","John and Mary married"
"42","John and Mary are engaged"
"43","The clown amused the children"
"44","Little children amuse easily"
"45","That joke never fails to amuse"
"46","The clown amused the children with his antics"
"47","The clown's antics amused the children"
"48","That movie bored me silly"
"49","The dog barked"
"50","The dog barked at the cat"
"51","The dog barked at the commotion"
"52","The dog barked a warning"
"53","The rooster crowed everyone awake"
"54","Birds sang in the trees"
"55","The tree sang with birds"
"56","This painting appeals to Malinda"
"57","The irritation niggled at Melinda"
"58","The music grates on me"
"59","Stuff matters"
"60","A ship appeared"
"61","A ship appeared on the horizon"
"62","There appeared a ship on the horizon"
"63","On the horizon appeared a large ship"
"64","It appeared there"
"65","We elected him governor"
"66","We elected him as governor"
"67","We elected Alan to be our new governor"
"68","They elected John"
"69","I accept how you do it"
"70","I accepted it"
"71","I accepted their writing novels"
"72","I accepted that they wrote novels"
"73","I accepted what they were doing"
"74","The inspector analyzed the building"
"75","The inspector analyzed the building for its soundness"
"76","The inspector analyzed the building's soundness"
"77","The dog flopped"
"78","The dog flopped in the corner"
"79","We avoided the area"
"80","We avoided the ball"
"81","He avoided going to the area"
"82","He avoided his nagging"
"83","The king banished the general"
"84","The king banished the general from the army"
"85","The king deported the general to the isle"
"86","I battled with him about whether he should kill the peasants"
"87","I battled with him about whether he should go"
"88","I battled with him about what to do"
"89","I battled with him about whether to go"
"90","I battled with him about it"
"91","They battled"
"92","They battled about his coming"
"93","They battled about whether he should go"
"94","They battled about what was the right thing"
"95","They battled about whether to go"
"96","They battled about what to do"
"97","They battled about it"
"98","He began to pack"
"99","John began going to the area"
"100","The storm began"
"101","John started the party"
"102","The party began with a bang"
"103","I began the party with a speech"
"104","We began the campaign by soliciting donations"
"105","A murder began the book"
"106","She was always clad in black"
"107","Tony bent the rock"
"108","Tony bent the rock with pliers"
"109","The rod bent"
"110","Copper rods bend easily"
"111","The pliers bent the rod"
"112","Tony folded the flaps open"
"113","Tony bent the rod into a U"
"114","Tony bent the rod into a U with pliers"
"115","The children berry in the summer"
"116","The phone company billed me"
"117","The phone company billed me $10"
"118","The phone company billed me $10 for that phone call"
"119","Sylvia fidgeted"
"120","Sylvia fidgeted herself into a tizzy"
"121","Sharon shivered"
"122","Sharon shivered from fear"
"123","Sharon shivered at the thought of the cold sea"
"124","Celia brushed the baby's hair"
"125","Celia brushed her hair"
"126","Paul breathed"
"127","Paul breathed on Mary"
"128","The dragon breathed fire"
"129","The dragon breathed fire on Mary"
"130","Paul breathed a deep breath"
"131","Nora brought the book"
"132","Nora brought the book to the meeting"
"133","Nora brought to lunch the book"
"134","Nora brought the book from home"
"135","Nora brought the book from home to the meeting"
"136","The train brought us here"
"137","Nora brought Pamela the book"
"138","Nora brought us together"
"139","Martha carves toys"
"140","Martha carves"
"141","Martha carved a toy out of a piece of wood"
"142","Martha carved the piece of wood into a toy"
"143","Martha carved a toy for the baby"
"144","Martha carved the baby a toy out of a piece of wood"
"145","Martha carved a toy out of a piece of wood for the baby"
"146","Martha carved a piece of wood for the baby"
"147","Martha carved a piece of wood into a toy for the baby"
"148","This wood carved beautiful toys"
"149","The contractor will build you a house for $100\,000"
"150","Martha will carve a toy out of a piece of wood for $50"
"151","The contractor builds houses for $100\,000"
"152","$100\,000 builds a house"
"153","$100\,000 will build you a house"
"154","$100\,000 builds a house out of sticks"
"155","$100\,000 builds you a house out of sticks"
"156","The bag is bulging with groceries"
"157","The bag is bulging"
"158","The grocery cart hit against the wall"
"159","The grocery carts thudded together"
"160","Lora buttered the toast"
"161","Lora buttered the toast with unsalted butter"
"162","The price of oil soared"
"163","Oil soared in price"
"164","The price of oil increased ten percent"
"165","The price of oil increased by ten percent"
"166","Oils's price increased ten percent"
"167","Oils's price increased by ten percent"
"168","Imports have declined"
"169","Nonperforming assets at these banks declined by %15"
"170","Oil's price soared"
"171","The cat kittened"
"172","Her cousin clerked for Judge Davis"
"173","Miriam tutored her brother"
"174","The show starred Miriam"
"175","He doesn't care"
"176","He doesn't care that she comes"
"177","He doesn't care whether she comes"
"178","He doesn't care about what he should do"
"179","I don't care what he does"
"180","He doesn't care about how/whether she comes"
"181","Amanda carried the package"
"182","Amanda carried the package to New York"
"183","Amanda carried the package from home"
"184","Amanda carried the package from home to New York"
"185","Amanda carried the package to New York from home"
"186","Amanda shoved the box"
"187","Amanda shoved the box from the corner"
"188","Amanda shoved the box to John"
"189","Amanda shoved the box from the corner to John"
"190","Amanda shoved the box to John from the corner"
"191","Amanda shoved John the box"
"192","Carol crushed the ice"
"193","Carol carved the stone"
"194","Carol carved the stone with a chisel"
"195","Marble carves easily"
"196","That chisel carved the statue"
"197","That chisel carves well"
"198","Sharon fainted"
"199","Sharon fainted from hunger"
"200","Sharon fainted at the sight of the accident"
"201","He characterized him as being smart"
"202","He characterized him to be smart"
"203","He characterized him as smart"
"204","He described how he could rise to high office"
"205","He described how to do it"
"206","He described going to work"
"207","He described what we should do"
"208","He described what to do"
"209","He revealed the children found"
"210","He revealed if we should come"
"211","He revealed what he should do"
"212","He revealed what to do"
"213","Jackie chased the thief"
"214","Jackie chased the thief down the street"
"215","Jackie chased after the thief"
"216","The doctor cured Pat of pneumonia"
"217","The swindler cheated Pat out of her fortune"
"218","The doctor cured Pat"
"219","The swindler bilked 20 dollars from his boss"
"220","Studies exonerated program trading as a source of volatility"
"221","Cynthia nibbled the carrot"
"222","Cynthia nibbled"
"223","Cynthia nibbled at the carrot"
"224","Cynthia nibbled on the carrot"
"225","Cynthia sipped the drink"
"226","Cynthia sipped"
"227","Cynthia sipped from the drink"
"228","Susan was chitchatting"
"229","Susan chitchatted with Rachel"
"230","Susan chitchatted with Rachel about the problem"
"231","Susan and Rachel chitchatted"
"232","Susan chitchatted about the problem with Rachel"
"233","Susan and Rachel chitchatted about matters of great import"
"234","Susan chitchatted about matters of great import"
"235","The strong winds cleared the sky"
"236","The sky cleared"
"237","Doug cleaned the dishes from the table"
"238","Clouds cleared from the sky"
"239","Doug cleaned the table of dishes"
"240","The child clung to her mother"
"241","The child and her mother clung together"
"242","Cora coiled the rope around the post"
"243","The rope coiled around the post"
"244","That type of rope coils easily around the post"
"245","The rope curled upward"
"246","Claire colors the picture"
"247","Claire colors the picture red"
"248","Claire painted the wall into a splotchy mess"
"249","Susan complained"
"250","Susan complained to Rachel"
"251","Susan complained that the party would be tonight"
"252","Susan complained to Rachel that the party would be tonight"
"253","Ellen complained about the situation"
"254","Ellen complained about the situation to Helen"
"255","Ellen complained\, 'The mail didn't come today.'"
"256","Ellen complained to Helen\, 'The mail didn't come today.'"
"257","The prime minister complained to the former president about U.S. interference in his country's affairs"
"258","Wilma completed the assignment"
"259","She quit smoking"
"260","Frances hid the presents from Sally"
"261","Frances hid the presents behind the books in the drawer"
"262","Frances hid the presents"
"263","The children hid"
"264","The children hid from Sally"
"265","The children hid in the chimney"
"266","He confessed how she did it"
"267","I admitted him to be a great smoker"
"268","He confessed himself flummoxed"
"269","They confessed stealing the money"
"270","They confessed it"
"271","They confessed it to us"
"272","They confessed their stealing"
"273","They confessed to us"
"274","They confessed to us how it happened"
"275","They confessed that they had stolen"
"276","We committed John"
"277","We committed John to prison"
"278","He felt the choice to be a bad one"
"279","The populace feel that the RIAA has too much power"
"280","He denied the horrid woman's statement"
"281","He asserts himself to be the world's foremost authority"
"282","The prisoner admitted that he may have been in the area"
"283","The prisoner admitted his guilt"
"284","I considered how he could become professor"
"285","I considered how to be a professor"
"286","They considered him as being stupid"
"287","They considered him to be the professor"
"288","They considered that he was the professor"
"289","I considered the matter closed"
"290","He considered whether he should come"
"291","He considered what he should do"
"292","He considered what to do"
"293","He considered smoking"
"294","They considered him stupid"
"295","They considered him professor"
"296","They considered him for professor"
"297","He considered whether to clean the house"
"298","They considered the children found"
"299","John and Sarah conspired"
"300","John conspired with Sarah"
"301","John conspired against her"
"302","The US conspired to overthrow the UN"
"303","I spent all that time"
"304","I spent the time worrying about the future"
"305","I spent the time on worrying about the future"
"306","I spent the time on worries"
"307","Italy borders France"
"308","Italy and France touch"
"309","DEC has often dominated"
"310","He continued to pack"
"311","The storm continued"
"312","He continued"
"313","The party continued until 8 PM"
"314","We continued until 8 PM"
"315","We contributed our paycheck to her"
"316","I donated my house (to somebody)"
"317","He is willing to sacrifice to the arbitrage trader some small profit"
"318","She distributed the money among oversea units"
"319","He donated directly to JSP members"
"320","Some of the members may donate privately"
"321","The standoff over abortion is certain to contribute to further delays"
"322","They will reimburse them up to $500"
"323","He reimbursed members"
"324","He converted to believing in Buddha"
"325","He converted to Buddhism"
"326","He converted"
"327","I converted him"
"328","I converted him to believing in Buddha"
"329","I converted him into believing in Buddha"
"330","I converted him to Buddhism"
"331","He converted to believing into Buddha"
"332","He converted from Christianity to Buddhism"
"333","Jennifer baked the potatoes"
"334","Jennifer baked the potatoes in the oven"
"335","The potatoes baked"
"336","Idaho potatoes bake beautifully"
"337","This oven bakes potatoes"
"338","Jennifer boiled the pot dry"
"339","Jennifer boiled the pot dry on the stove"
"340","Jennifer baked the potatoes to a crisp"
"341","Jennifer baked the potatoes to a crisp in the oven"
"342","Pots boil dry"
"343","Potatoes bake to a crisp"
"344","Pots boil dry on the stove"
"345","Potatoes bake to a crisp in the oven"
"346","They collaborated on the task"
"347","John collaborated with Paul on the task"
"348","They collaborated in the task"
"349","John collaborated with Paul in the task"
"350","They collaborated in finishing the task"
"351","They participated in the task"
"352","They participated in finishing the task"
"353","They worked on the task"
"354","John worked with Paul on the task"
"355","They worked at finishing the task"
"356","John worked with Paul at finishing the task"
"357","He managed with dealing the cards"
"358","He managed"
"359","He managed the climb"
"360","He alternates with keeping them"
"361","We alternated it with keeping them locked up"
"362","They agreed"
"363","They agreed about his coming"
"364","They agreed about whether he should go"
"365","They agreed about what should be done"
"366","They agreed about whether to go"
"367","They agreed about what to do"
"368","They agreed about it"
"369","They agreed with him about whether he should kill the peasants"
"370","They agreed with him about what he should do"
"371","They agreed with him about what to do"
"372","They agreed with him about whether to go"
"373","They agreed with him about it"
"374","We agreed what he should do"
"375","They agreed with her how it should be done"
"376","They agreed with her how to do it"
"377","We agreed what to do"
"378","We agreed whether he should come"
"379","We debated whether to clean the house"
"380","The book costs $10"
"381","The bill will cost them 500 million dollars"
"382","Jennifer craned her neck"
"383","Jennifer wagged her finger at the naughty child"
"384","Jennifer rolled her eyes at his behavior"
"385","David constructed a house"
"386","David constructed a house out of sticks"
"387","David dug a hole for me"
"388","They designed the Westinghouse-Mitsubishi venture as a non-equity transaction"
"389","David dug me a hole"
"390","The princess curtseyed"
"391","The princess curtseyed to the queen"
"392","The princess curtseyed her assent"
"393","The princess curtsied her assent to the queen"
"394","The cook deboned the fish"
"395","The president declared Smith foolish"
"396","The president declared Smith professor"
"397","The president maintained Smith to be a good man"
"398","The president judged the matter closed"
"399","The president maintained that the matter was closed"
"400","The president declared what we should do"
"401","The president declared what to do"
"402","The president declared John as stupid"
"403","John declared how he did it"
"404","John declared how to do it"
"405","John judged whether he should come"
"406","John judged whether to clean the house"
"407","John professed loving the miscreants"
"408","The president proclaimed how we should work"
"409","The president proclaimed how to do it"
"410","I dedicated myself to helping us"
"411","I dedicated myself to the cause"
"412","I defended them"
"413","I defended them against the charges"
"414","I defended building the house"
"415","I defended their building the house"
"416","The Romans destroyed the city"
"417","The builders destroyed the warehouse with explosives"
"418","The explosives destroyed the warehouse"
"419","Cynthia devoured the pizza"
"420","Cynthia swilled the beverage"
"421","The winter schedule differed from the spring schedule"
"422","This flyer and that flyer differ"
"423","Cynthia breakfasted"
"424","Cynthia breakfasted on peaches"
"425","The crowd vanished"
"426","?There vanished from the library a valuable manuscript"
"427","I unscrewed the handle"
"428","I unscrewed the handle from the box"
"429","That new handle unscrews easily"
"430","I discovered how she did it"
"431","I discovered how to do it"
"432","I discovered the fleece"
"433","I discovered that it didn't make sense"
"434","I discovered what he should do"
"435","I discovered what to do"
"436","I discovered about him drinking"
"437","I discovered from them how she did it"
"438","I discovered from them how to do it"
"439","I discovered from him about whether he should kill the peasants"
"440","I discovered from him about what he should do"
"441","I learned from him about what to do"
"442","I discovered from him about whether to go"
"443","I learned"
"444","I learned about his drinking"
"445","I learned about what he drank"
"446","I learned about the drinking"
"447","I learned about it from a book"
"448","Marlene dressed"
"449","Marlene dressed the baby"
"450","Marlene dressed herself"
"451","She spruced herself up before the job interview"
"452","She spruced up herself before the job interview"
"453","Amanda drove the package"
"454","Amanda drove the package to New York"
"455","Amanda drove the package from home"
"456","Amanda drove the package from home to New York"
"457","Amanda drove the package to New York from home"
"458","Amanda flew me the package"
"459","Amanda shuttled her children"
"460","Amanda shuttled her children from Philadelphia"
"461","Amanda shuttled the children to school"
"462","Amanda trucked the package from Philadelphia to her mother's house"
"463","Amanda trucked the package to her mother's house from Philadelphia"
"464","The captain named the ship Seafarer"
"465","The captain baptized the ship"
"466","They named it after Ira Cohen"
"467","They named it for Charlie Brown"
"468","Cynthia ate the peach"
"469","Cynthia ate"
"470","Cynthia ate at the peach"
"471","Cynthia ate herself sick"
"472","He ate off of the table"
"473","Cynthia drank the wine"
"474","Cynthia drank"
"475","Cythia drank herself sick"
"476","He drank out of the goblet"
"477","I cannot impose my opinion"
"478","I cannot impose that I get what I want"
"479","Racial inequality engenders conflict"
"480","The bug causes the chip to give wrong answers for some mathematical calculations"
"481","The roses bloomed"
"482","The beer foamed"
"483","A fire raged in the mountains"
"484","There raged a fire"
"485","All through the mountains raged a fire"
"486","The garden flowered with roses"
"487","Brown equipped Jones with a camera"
"488","Brown equipped his soldiers"
"489","The huge load burdened the mule"
"490","The convict escaped"
"491","The convict escaped from the prison"
"492","The convict escaped the prison"
"493","Her performance exceeds our expectations"
"494","Her performance exceeds ours in brilliance"
"495","Gwen exchanged the dress for a shirt"
"496","Twenty couples exchanged rings"
"497","He swapped between the two"
"498","Cathay is swapping equity stakes with the U.S. carrier"
"499","She exchanged her purchase"
"500","One bell can swap places with another"
"501","The bells traded places"
"502","They tend to substitute for more mundane things"
"503","Paul exhaled"
"504","Paul exhaled a breath"
"505","Paul inhaled"
"506","Paul inhaled water"
"507","Unicorns don't exist on Earth"
"508","Unicorns don't exist"
"509","I endured the routine heavy traffic"
"510","Teresa bottlefed the baby"
"511","Teresa bottlefed soy milk to the baby"
"512","Teresa bottlefed the baby soy milk"
"513","I ferreted the secret out of him"
"514","Leslie staffed the store with employees"
"515","Leigh swaddled the baby in blankets"
"516","The employees staffed the store"
"517","Leslie staffed the store"
"518","CFC's pollute"
"519","Each room sleeps five people"
"520","We sleep five people in each room"
"521","Sharon flinched"
"522","Sharon flinched at the sight of the accident"
"523","The hygienist flossed my teeth"
"524","I flossed"
"525","She flossed her teeth with floss"
"526","She brushed with a toothbrush"
"527","We focused on it"
"528","We focused on reading the book"
"529","We focused on what he wanted"
"530","We focused on what to do"
"531","The rules forbid us from smoking"
"532","The rules forbid our smoking"
"533","The rules forbid smoking"
"534","The rules forbid it"
"535","I forced him"
"536","I forced him into coming"
"537","I forced John into the chairmanship"
"538","I forced him to come"
"539","It freed him of guilt"
"540","It freed him of feeling guilt"
"541","Brown presented a plaque to Jones"
"542","Brown presented Jones with a plaque"
"543","Brown presented the plaque"
"544","Hess supplied its customers"
"545","Hess provides for its customers"
"546","I funneled the mixture into the bottle"
"547","I spooned the sauce there"
"548","We dipped the vegetables in the water"
"549","We dipped the dog for parasites"
"550","He wedged the diamond between shifting dunes"
"551","The company is wedging into new markets"
"552","We offered our paycheck to her"
"553","I promised my house (to somebody)"
"554","I promised somebody my time"
"555","The House allocated more than $1.8 million for the pensions and expenses of former presidents"
"556","Carmen bought a dress"
"557","Carmen bought a dress from Diana"
"558","Carmen bought a dress for Mary"
"559","Carmen bought Mary a dress"
"560","Carmen bought a dress for $50"
"561","$50 won't even buy a dress"
"562","FMC has bought 565\,000 shares from Nortek Inc. at $23.50 a share"
"563","John earned $10 million on proceeds from the sale"
"564","They lent a bicycle to me"
"565","They lent me a bicycle"
"566","I leased my house (to somebody)"
"567","The bank lent to fewer customers"
"568","He leased the car for $200 a week"
"569","I leased the car to my friend for $5 a month"
"570","I leased him the car for $250 a month"
"571","Cynthia gobbled the pizza"
"572","Cynthia gobbled the pizza up"
"573","Cynthia gobbled the pizza down"
"574","Cynthia quaffed her mead"
"575","Cynthia quaffed down the mixture"
"576","Cynthia gorged on peaches"
"577","Sheila groomed the horse"
"578","That acorn will grow into an oak tree"
"579","An oak tree will grow from that acorn"
"580","The gardener grew an oak tree from that acorn"
"581","The gardener grew that acorn into an oak tree"
"582","I helped him"
"583","I helped him with homework"
"584","I helped him with finishing the homework"
"585","I helped him to finish the homework"
"586","I helped with finishing the homework"
"587","I helped with the homework"
"588","The kids are assembling"
"589","The teacher gathered the kids"
"590","The teacher gathered the kids together"
"591","Paul hiccuped"
"592","Paula hit the ball"
"593","Paula hit the ball with a stick"
"594","Paula hit the sticks together"
"595","Paul kicked the door open"
"596","Paul hit the door open with his foot"
"597","Paul hit the window to pieces"
"598","Paul hit the window to pieces with a hammer"
"599","Paul hit at the window"
"600","Paul hit at the window with an open hand"
"601","Paula hit the stick against/on the fence"
"602","The stick hit the fence"
"603","The stick hit the door open"
"604","The hammer hit the window to pieces"
"605","Paul hit her elbow"
"606","Paul hit her elbow on the doorknob"
"607","She held the rail"
"608","She held him by the arm"
"609","She held his arm"
"610","I hunted the woods for game"
"611","I hunted for game in the woods"
"612","I hunted in the woods for game"
"613","I hunted game in the woods"
"614","I was hunting game"
"615","I was hunting"
"616","Tessa hurt/sprained her ankle"
"617","My ankle twisted"
"618","Tessa hurt herself"
"619","The jeweler decorated the ring"
"620","The jeweler decorated the ring with the name"
"621","Smith inscribed his name on the ring"
"622","Smith inscribed the ring with his name"
"623","Smith was inscribing the rings"
"624","Smith inscribed his name"
"625","Smith was inscribing"
"626","This indicates how she did it"
"627","This indicates how to do it"
"628","This indicates it"
"629","This indicates whether he is the thief"
"630","This indicates what he should do"
"631","This indicates to us that they had stolen money"
"632","This indicates to me whether they did it"
"633","This indicates to me what he is"
"634","This indicates to us how it happended"
"635","This indicates him to be the thief"
"636","I asked how she did it"
"637","I asked how to do it"
"638","I asked"
"639","I asked him"
"640","I asked a question"
"641","I asked him about it"
"642","I asked him whether he was going"
"643","I asked him what he was doing"
"644","I asked him whether to clean the house"
"645","He asked him what to do"
"646","He asked about whether he wanted to go"
"647","He asked him about what he wanted"
"648","He asked about whether to go"
"649","He asked about what to do"
"650","I asked about it"
"651","He asked of her how it works"
"652","He asked of her how to do it"
"653","He asked of her about whether he should kill the peasants"
"654","He asked of her about what he should do"
"655","He asked of her about what to do"
"656","I asked of him about whether to go"
"657","He asked whether he should come"
"658","He asked what he should do"
"659","He asked whether to clean the house"
"660","He asked what to do"
"661","He asked him how he came"
"662","Heather cabled the news"
"663","Heather cabled\, 'Come immediately.'"
"664","Heather cabled Sara"
"665","Heather cabled the news to Sara"
"666","Heather cabled Sara the news"
"667","Heather cabled Sara\, 'Come immediately.'"
"668","Heather cabled to Sara\, 'Come immediately.'"
"669","Heather cabled Sara about the situation"
"670","Heather cabled that the party would be tonight"
"671","Heather cabled when to send the package"
"672","Heather cabled to come"
"673","Heather cabled Sara that the party would be tonight"
"674","Heather cabled Sara when to send the package"
"675","Heather cabled Sara to come"
"676","Heather cabled to Sara that the party would be tonight"
"677","Heather cabled to Sara when to send the package"
"678","Heather cabled to Sara to come"
"679","Heather cabled for Sara to come"
"680","We investigated the area for bombs"
"681","We inspected the area"
"682","They praised the volunteers"
"683","They praised the volunteers for their dedication"
"684","They praised the volunteer's dedication"
"685","I judged him as a good man"
"686","I judged him to be a good man"
"687","Michelle kept the papers in the desk"
"688","Many small investors in Belgium store securities"
"689","The dough twirled into a pretzel"
"690","Rhoda learned French from an old book"
"691","Rhoda learned from an old book"
"692","Kissinger learned his lesson"
"693","She studied"
"694","The defense also learned that college-educated people were uncharacteristically conservative"
"695","The president learned of a coup plot that might endanger his life"
"696","We abandoned the area"
"697","The crowd left"
"698","She lectured about traveling"
"699","She lectured"
"700","She lectured about her travels"
"701","She lectured about her traveling"
"702","She dwelled on her travels"
"703","She dwelled on her travelling"
"704","The jewel sparkled"
"705","Jewels sparkled on the crown"
"706","The crown sparkled with jewels"
"707","There sparkled a magnificent diamond on his finger"
"708","On his finger there sparkled a magnificent diamond"
"709","The stagehand flashed the lights"
"710","The lack of money limited the help"
"711","The lack of money limited them to helping to our peers"
"712","The lack of money limited the help to our peers"
"713","The lack of money limited them to help their peers only"
"714","Sasha dawdled in the museum"
"715","Sasha dawdled over lunch"
"716","He delayed the watering"
"717","Cornelia lodged with the Stevensons"
"718","Cornelia lodged at Mrs. Parker's"
"719","We camped there"
"720","John oft hankered to move up the corporate ladder"
"721","Danny longs for a sunny day"
"722","Danny yearns after sunny days"
"723","Susan whispered"
"724","Susan whispered to/at Rachel"
"725","Susan whispered about the party"
"726","Susan whispered the news/a few words"
"727","Susan whispered\, 'Leave the room.'"
"728","Susan whispered the news/a few words to/at Rachel"
"729","Susan whispered that the party would be tonight"
"730","Susan whispered how to avoid the crowd"
"731","Susan whispered to come"
"732","Susan whispered to Rachel that the party would be tonight"
"733","Susan whispered to Rachel how to avoid the crowd"
"734","Susan whispered to Rachel to come"
"735","Susan whispered for me to come"
"736","Susan whispered to Rachel\, 'Leave the room.'"
"737","Bill and Kathy married"
"738","Bill married Kathy"
"739","The beauty of the Grand Canyon has been marveled over by countless tourists"
"740","I will suffer"
"741","Megan marveled at the Grand Canyon"
"742","We cared about the opera"
"743","I grieve for my departed Juliet"
"744","I suffered from occasional blackouts"
"745","I delighted in such pleasant pursuits"
"746","I certainly approved of Mary's acquaitance"
"747","I grooved on David Lynch films"
"748","I anguished over Aslan's pain"
"749","I reacted to the experience violently"
"750","Dina masqueraded as a lawyer"
"751","Dina acted like a cretin"
"752","They serve a restricted role on the bench"
"753","He had served in financial planning positions"
"754","It matters"
"755","It matters to me"
"756","It matters to me that they were wrong"
"757","It matters that they left"
"758","That he came matters"
"759","The river runs through the valley"
"760","Through the valley meanders the river"
"761","There meanders through the valley a river"
"762","There meanders a river through the valley"
"763","Brenda met with Molly"
"764","Brenda and Molly met"
"765","Anne met Cathy"
"766","The committee met"
"767","Brenda fought with Molly"
"768","Brenda and Molly fought"
"769","Anne fought Cathy"
"770","The populace fought"
"771","Herman mixed the eggs with the cream"
"772","Herman mixed the eggs"
"773","Herman mixed the eggs and the cream together"
"774","The eggs mixed with the cream"
"775","Eggs mix well with cream"
"776","Eggs mix well"
"777","Eggs and cream mix well together"
"778","The eggs and the cream mixed"
"779","The eggs and the cream mixed together"
"780","Herman added a computer to the network"
"781","Herman connected the computers"
"782","Herman connected the computers together"
"783","This computer will connect well to the network"
"784","These computers connected well"
"785","These computers connected well together"
"786","My computer connected to his computer"
"787","Our computers connected"
"788","Our computers connected together"
"789","A flag fluttered"
"790","Brutus murdered Julius Cesar"
"791","Caesar killed Brutus with a knife"
"792","The DDT killed the insects"
"793","I neglected to do the job"
"794","I neglected the job"
"795","I managed to do the job"
"796","I managed the job"
"797","They rowed"
"798","They rowed along the canal"
"799","He rowed Penny across the lake"
"800","He drove Penny"
"801","Penny rowed her palms raw"
"802","Penny rowed her palms to shreds"
"803","He rode her seasick"
"804","He rode her to sickness"
"805","They rowed the canals of Venice"
"806","Paul laughed"
"807","Paul laughed a cheerful laugh"
"808","She laughed her excitement"
"809","Carmen obtained the spare part"
"810","Carmen obtained the spare part from Diana"
"811","Carmen purchased a dress for $50"
"812","$50 won't even purchase a dress"
"813","A serious accident happened"
"814","There happened a serious accident"
"815","A serious accident happened in front of them"
"816","In front of them happened a serious accident"
"817","It occurred that they left"
"818","He ordered John"
"819","He ordered John to eat his sloth"
"820","John ordered that she come immediately"
"821","He ordered that she should come immediately"
"822","The king knighted the brave soldier"
"823","Bill dried the clothes"
"824","Bill dried the clothes with a hairdryer"
"825","The clothes dried"
"826","Cotton clothes dry easily"
"827","The hairdryer dried the clothes"
"828","The clothes dried wrinkled"
"829","Tony broke the piggy bank open with a hammer"
"830","Tony broke the glass to pieces"
"831","Tony broke the glass to pieces with a hammer"
"832","Piggy banks break open"
"833","Glasses break to pieces"
"834","Piggy banks break open with a hammer"
"835","Glasses break to pieces with a rock"
"836","My eyes are itching"
"837","My eyes are itching me"
"838","My eyes are itching from the smoke"
"839","He paid 5000 pounds for the car"
"840","He paid 5000 pounds"
"841","We peered at the baby"
"842","Steve pelted Anna with Acorns"
"843","Steve pelted Anna"
"844","Sandy sang a song"
"845","Sandy sang"
"846","Sandy sang a song to me"
"847","Sandy sang a song for me"
"848","Sandy sang me a song"
"849","Claire drew a picture"
"850","Claire draws"
"851","Claire drew a picture for me"
"852","Claire drew me a picture"
"853","The cook boned the fish"
"854","Lydia pocketed the change"
"855","Lydia pocketed the change in her left pocket"
"856","I landed in Russia"
"857","The plane landed"
"858","I landed there"
"859","The witch poisoned Snow White"
"860","The Boston Strangler strangled his victims dead"
"861","The Boston Strangler strangled his victims to death"
"862","The queen poisoned Snow White with an apple"
"863","Allison poked the cloth"
"864","Allison poked the needle through the cloth"
"865","Allison poked the cloth with the needle"
"866","Allison poked at the cloth"
"867","Allison poked at the cloth with the needle"
"868","The needle poked the cloth"
"869","Tamara poured water into the bowl"
"870","Tamara poured water here"
"871","Water poured onto the plants"
"872","Maria poured water from the bowl into the cup"
"873","Water poured from the bowl into the cup"
"874","Donna fixed a sandwich"
"875","Donna fixed me a sandwich"
"876","Donna fixed a sandwich for me"
"877","Donna grilled steaks"
"878","Donna grilled me steaks"
"879","Donna grilled steaks for me"
"880","The dealer valued the book"
"881","The dealer valued the book at $200"
"882","Nora heaved the chair"
"883","Nora yanked the button loose"
"884","Nora jerked at the wall"
"885","Nora pushed through the crowd"
"886","Nora pushed her way through the crowd"
"887","I put the book on/under/near the table"
"888","I put the book here/there"
"889","I stashed the book"
"890","They put upon me a brilliant\, red helm"
"891","I lifted the books"
"892","I lifted the books onto the table"
"893","I dropped the books here"
"894","They reached the hill"
"895","I presented a solution"
"896","I presented a solution to him"
"897","A solution presented itself yesterday"
"898","He refrained"
"899","He refrained from eating"
"900","He refrained from the lurid activity while in the lady's company"
"901","The package weighed ten pounds"
"902","I weighed the package"
"903","She relies on coming back in time"
"904","She relies on him coming back in time"
"905","She relies on him to help"
"906","She relies on his helping"
"907","She relies on it"
"908","I cannot risk my job"
"909","I cannot risk that I get into trouble"
"910","I cannot risk smoking"
"911","The ball rolled"
"912","The ball rolled down the hill"
"913","Bill rolled the ball"
"914","Bill rolled the ball down the hill"
"915","The drawer rolled open"
"916","The drawer rolled to an open position"
"917","Bill rolled the drawer open"
"918","Bill rolled the drawer to an open position"
"919","We rummaged the drawer for important documents"
"920","He pawed over the documents"
"921","He rummaged through the door for the ball"
"922","The horse jumped"
"923","The horse jumped over the fence"
"924","Tom jumped the horse over the fence"
"925","The lion tamer jumped the lions through the loop"
"926","Tom jumped the horse"
"927","The lion tamer jumped the lions"
"928","The horse jumped the stream"
"929","Tom ran the soles off his shoes"
"930","We walked ourselves into a state of exhaustion"
"931","Tom walked the dog exhausted"
"932","Tom walked the dog to exhaustion"
"933","There jumped out of the box a little white rabbit"
"934","There jumped a little white rabbit out of the box"
"935","Out of the box jumped a little white rabbit"
"936","Maggie hurried with her lunch"
"937","Maggie hurried her sister"
"938","Mary hurried through the museum"
"939","Ellen said a few words"
"940","Ellen said a few words to Helen"
"941","Mr. Jacobson announced to the trading mob: 'We're going to trade on the bell.'"
"942","He says\, 'It has to go.'"
"943","John suggested how she could do it"
"944","John suggested how to do it"
"945","John suggested what to do"
"946","John suggested what we should eat"
"947","He ordered that he go"
"948","John suggested that he should go"
"949","John suggested it other"
"950","John suggested to her how she could do it"
"951","John suggested to her how to do it"
"952","John suggested to him that he goes"
"953","John suggested to him that he go"
"954","John suggested to her what she could do"
"955","John suggested to her what to do"
"956","He suggested it to her"
"957","The jeweler printed the name"
"958","The jeweler printed the name on the ring"
"959","Smith was scribbling"
"960","I searched the cave for treasure"
"961","I searched for treasure in the cave"
"962","I searched in the cave for treasure"
"963","I searched through America"
"964","I saw the play"
"965","I can see that you are feeling great"
"966","I sensed the eagerness in him"
"967","I saw how he arrived"
"968","I saw what they did"
"969","I saw her bake the cake"
"970","I saw him laughing"
"971","I saw their laughing and joking"
"972","The entire class heard about/of the sermon"
"973","Nora sent the book"
"974","Nora sent the book from Paris"
"975","Nora sent the book to London"
"976","Nora sent the book from Paris to London"
"977","TransCanada is shifting its HQ to Calgary from Toronto"
"978","Nora sent me the book"
"979","I separated the yolk from the white"
"980","I separated the yolk and the white"
"981","The yolk and the white separated"
"982","Cream separates easily from milk"
"983","Egg yolks and egg whites separate easily"
"984","The yolk separated from the white"
"985","The yoke parted with the white"
"986","Eventually\, they settled"
"987","They settled on what to do"
"988","Sugar whips into cream easily"
"989","Eggs whisk easily"
"990","Sugar and cream whip together easily"
"991","Herman whipped sugar with the cream"
"992","Herman whipped sugar and the cream together"
"993","Herman whipped cream"
"994","Herman gathered students into group2"
"995","Herman gathered the students together"
"996","Herman spliced ropes"
"997","The crew spotted the island"
"998","She always wears purple dresses"
"999","The books slid"
"1000","The books slid from the table"
"1001","The books slid to the floor"
"1002","The books slid from the table to the floor"
"1003","Carla slid the books"
"1004","Carla slid the books across the table"
"1005","Carla slid the books to the floor"
"1006","Carla slid the books from one end of the table to the other"
"1007","Carla slid John the books"
"1008","The onions reeked"
"1009","The room reeked"
"1010","The room reeked of onions"
"1011","Gloria snoozed"
"1012","Gloria slept the sleep of the dead"
"1013","The door hinges squeaked"
"1014","Horns beeped in the street"
"1015","The street sang with horns"
"1016","In the hallway ticked a gradfather clock"
"1017","There ticked a grandather clock in the hallway"
"1018","I buzzed the bell"
"1019","The bell chimed the hour"
"1020","The voices echoed"
"1021","The voices echoed through the hall"
"1022","There echoed voices through the hall"
"1023","Through the hall echoed a loud cry"
"1024","The hall echoed with voices"
"1025","Paula spanked the child"
"1026","Paula spanked the child with her right hand"
"1027","They spanked him dead"
"1028","They spanked him to death"
"1029","They spanked him to death with a bat"
"1030","Paula spanked the naughty child on the back"
"1031","Paula spanked the naught child on the back with a paddle"
"1032","Paula spanked the naughty child's back"
"1033","John slouched"
"1034","The statue stood on the corner"
"1035","There stood on the corner a statue"
"1036","On the pedestal stood a statue"
"1037","They stood the statue on the pedestal"
"1038","I broke the twig off the branch"
"1039","I broke the twig and the branch apart"
"1040","The twig broke off the branch"
"1041","The twig and the branch broke apart"
"1042","Twigs break off of those branches easily"
"1043","Those twigs and branches break apart easily"
"1044","Jessica loaded boxes into the wagon"
"1045","Jessica loaded the wagon with boxes"
"1046","Jessica squirted water"
"1047","Jessica sprayed the wall"
"1048","Paint sprayed onto the wall"
"1049","Jessica squirted water at me"
"1050","Crowds packed the stands"
"1051","I stalked the woods for game"
"1052","I stalked game in the woods"
"1053","I tracked prints"
"1054","The thief stole the paint"
"1055","The thief stole the paint from the museum"
"1056","The thief stole the paint for Mary"
"1057","The thief stole the paint from John for Mary"
"1058","That pea soup tasted delicious"
"1059","That pea soup tasted delicious to me"
"1060","He stopped going to the area"
"1061","The storm ended"
"1062","John ended the party"
"1063","The party ended with a bang"
"1064","I ended the party with a speech"
"1065","The party stopped easily"
"1066","The fountain gushed"
"1067","The well gushed oil"
"1068","I bled him"
"1069","Oil gushed from the well"
"1070","Water gushed through the streets"
"1071","The streets gushed with water"
"1072","Over the fire bubbled a fragant stew"
"1073","There bubbled a fragant stew over the fire"
"1074","The water seeped out"
"1075","The bill shed 50 pages of pork-barrel addons"
"1076","I succeeded"
"1077","I succeeded in climbing the mountain"
"1078","I succeeded in the endeavour"
"1079","I managed to pass the test"
"1080","I failed"
"1081","I failed the test"
"1082","I failed in attempting the test"
"1083","I failed in maths"
"1084","I failed to pass the test"
"1085","The pirates drowned the sailor"
"1086","The sailor drowned"
"1087","He choked/suffocated to death"
"1088","The pirate choked the sailor to death"
"1089","I suspected him of infidelity"
"1090","I suspected him of lying"
"1091","I suspected his philandering"
"1092","Flowers abound in the garden"
"1093","There abound flowers in the garden"
"1094","The garden abounds with flowers"
"1095","Paula swatted the fly"
"1096","Paula swatted the fly with a dishcloth"
"1097","Paula swatted at the fly"
"1098","Paula swatted at the fly with a dishcloth"
"1099","Paula bit the bag open"
"1100","Paula swatted the fly dead with a dishcloth"
"1101","The cat clawed the counch to pieces"
"1102","The cat clawed the counch to pieces with her sharp nails"
"1103","Paula swatted Deirdre on the back"
"1104","Susan talked"
"1105","Susan talked to Rachel"
"1106","Susan talked with Rachel"
"1107","Susan talked to Rachel about the problem"
"1108","Susan talked with Rachel about the problem"
"1109","Susan and Rachel talked"
"1110","Susan talked about the problem to Rachel"
"1111","Susan talked about the problem with Rachel"
"1112","Susan talked about the problems of modern America"
"1113","Linda taped the picture"
"1114","Linda taped the picture to the wall"
"1115","Ellen told a story"
"1116","Ellen told a story to Helen"
"1117","Ellen told Helen a story"
"1118","Ellen told me\, 'Leave the room.'"
"1119","Ellen told Helen"
"1120","Ellen told Helen about the situation"
"1121","Ellen told Helen that the party would be tonight"
"1122","Ellen told Helen how to avoid the crowd"
"1123","Ellen told Helen to come"
"1124","Steve tossed the ball"
"1125","Steve tossed the ball to the garden"
"1126","Steve tossed the ball from the corner"
"1127","Steve tossed the ball from the corner to the garden"
"1128","I threw the package away"
"1129","Steve tossed John the ball"
"1130","The proposal throws the House's work into chaos"
"1131","The proposal throws into chaos the House's proposal"
"1132","My heart is pounding"
"1133","My heart is pounding from fear"
"1134","Carrie touched the cat"
"1135","Carrie touched the cat with the stick"
"1136","Carrie touched his shoulder"
"1137","Carrie touched his shoulder with the stick"
"1138","The secretary transcribed the speech"
"1139","The secretary transcribed the speech into the record"
"1140","I explained how it can be done"
"1141","I explained how to do it"
"1142","I explained to her how it can be done"
"1143","I explained to her how to do it"
"1144","I explained what he should do"
"1145","I explained what to do"
"1146","I explained the matter"
"1147","I explained the matter to them"
"1148","I explained from Simone de Beauvoir's essay on the Marquis de Sade"
"1149","I explained"
"1150","Wanda taught the students French"
"1151","Wanda taught the students"
"1152","Wanda asked me to present a new proposal"
"1153","Wanda told me about climbing the mountain"
"1154","She told him that he should not go"
"1155","She told him what she was doing"
"1156","She told him what to do"
"1157","She told him how he did it"
"1158","I tried exercising"
"1159","I tried the exercise routine"
"1160","I tried to exercise"
"1161","The witch turned him from a prince into a frog"
"1162","He turned from a prince into a frog"
"1163","The witch turned him into a frog"
"1164","He turned into a frog"
"1165","The man was converting again"
"1166","The 1980s bull market transformed the U.S. securities business"
"1167","He converted to a world without CFCs"
"1168","The thrift\, which converted from a mutual form in April 1986 to a stock form of ownership"
"1169","The thrift\, which converted to a stock form of ownership from a mutual form in April 1986"
"1170","I persuaded him"
"1171","I persuaded him into action"
"1172","I persuaded him to come"
"1173","I persuaded him that he should come"
"1174","Claire skated"
"1175","Claire skated along the canal"
"1176","He skated Penny around the rink"
"1177","He skated Penny"
"1178","Claire skated her skates blades blunt"
"1179","Claire skated her skates blades to shreds"
"1180","He skated Penny exhausted"
"1181","He skated Penny to exhaustion"
"1182","Claire skated the canals"
"1183","They waltzed"
"1184","They waltzed across the room"
"1185","He waltzed her across the floor"
"1186","She waltzed the soles off her shoes"
"1187","She waltzed herself to sickness"
"1188","He waltzed her dizzy"
"1189","He waltzed her to exhaustion"
"1190","Dorothy needs new shoes"
"1191","Dorothy needs her for her skills"
"1192","I need for her to be happy"
"1193","I need exercising"
"1194","She wanted the meat red"
"1195","I needed him here"
"1196","I need him cooking"
"1197","I need the children found"
"1198","I needed his cooking"
"1199","I needed to come"
"1200","I needed him to go"
"1201","I need him to be nice"
"1202","It's raining"
"1203","It's raining cats and dogs"
"1204","It was pelting with rain"
"1205","My family always summered at the seashore"
"1206","Linda winked her eye"
"1207","Linda winked her eye in agreement"
"1208","Linda winked her eye at his behavior"
"1209","Linda winked"
"1210","Linda winked at the audience"
"1211","Linda winked her agreement"
"1212","Linda winked in agreement"
"1213","Linda winked at his behavior"
"1214","His brother nodded vigorous assent"
"1215","Carla shoveled the snow from the walk"
"1216","Carla shoveled the walk"
"1217","Carla was vacuuming"
"1218","Carla mopped under the furniture"
"1219","Carla shoveled the walk clean"
"1220","He plowed the snow back into the ditch"
"1221","Brian wiped the fingerprints from the counter"
"1222","Brian wiped the counter"
"1223","Barry Cryer erased the writing"
"1224","Brian wiped at the counter"
"1225","I wished for her to do it"
"1226","I wished it"
"1227","I wished him to be nice"
"1228","I wished the children found"
"1229","He wished that she would come immediately"
"1230","He wished to come"
"1231","He backed out"
"1232","He backed out of the trip"
"1233","He backed out of going on the trip"
"1234","He got away"
"1235","He got away from the area"
"1236","He backed away from going on the trip"
"1237","He withdrew"
"1238","He withdrew from the trip"
